max_depth,learning_rate,min_child_weight,best_round,val_aucpr,val_prauc_sklearn,time_sec
5,0.05,3,77,0.18575127380525672,0.1858698180773175,1.5
5,0.05,1,84,0.18509240374354904,0.18520664835534545,1.5
5,0.1,3,75,0.18350179469219882,0.18363333711193866,1.4
5,0.1,1,37,0.17972754344718328,0.17984888228490195,1.1
7,0.1,3,28,0.177316058139038,0.17745315710859635,1.2
7,0.05,3,77,0.17714126893544982,0.177260658830251,2.2
7,0.05,1,70,0.17360110229285372,0.17373025254269386,2.0
7,0.1,1,29,0.1711048018890623,0.1712685444454886,1.3
